ID,Age at Dx,Years of PD,TOTAL Carbidopa-Levodopa Dose (mg/day) ,HoenandYahr,MDS UPDRS III Prior to Study
001A,69,2.666666667,75-300,2,28
003A,75,0.833333333,125-500,2,18
004A,76,0.166666667,75-300,3,45
005A,71,0.916666667,175-700,2.5,33
006A,75,1.5,150-600,2,25
007A,65,2.416666667,150-600,2.5,23
008A,60,0.5,225-900,2,39
009A,66,1.916666667,200-800,2,19
010A,62,2.916666667,300-1200,2,27
